Id,Subject,Location,StartDate,EndDate,AllDayEvent,Importance,Comment,UserId,LinkedBoardItemId,DateCreated,CreatedBy,EventTypeId,IsRecurring,RecurrenceRuleJson,RescheduleCount,AvgDaysRescheduled,EditCount,ViewSignalValue,HasLinkedTask,LinkedTaskReopenCount,LinkedTaskStatusChanges,LinkedTaskCompletionRate,Attended
1,Work Event 1,Office,2026-04-17 19:05:37.205196,2026-04-17 20:05:37.205196,False,High,Notes for event 1,user_001,17,2026-04-13 00:05:37.205196,user_001,1,False,,4,2.86,8,4.59,1,2,8,0.15,1
2,Practice Event 2,Online,2026-02-14 08:05:37.205196,2026-02-14 09:35:37.205196,False,Medium,Notes for event 2,user_001,8,2026-04-13 00:05:37.205196,user_001,2,True,"{""FREQ"":""WEEKLY""}",3,2.45,8,3.83,1,1,8,0.95,0
3,Personal Event 3,Office,2026-04-23 09:05:37.205196,2026-04-23 10:35:37.205196,False,High,Notes for event 3,user_001,18,2026-04-13 00:05:37.206194,user_001,4,True,"{""FREQ"":""WEEKLY""}",3,2.99,10,1.87,1,3,2,0.69,1
4,Work Event 4,Office,2026-03-15 10:05:37.206194,2026-03-15 10:35:37.206194,False,Medium,Notes for event 4,user_001,19,2026-04-13 00:05:37.206194,user_001,1,True,"{""FREQ"":""WEEKLY""}",1,0.2,0,4.3,1,0,9,0.07,1
5,Practice Event 5,Online,2026-03-14 11:05:37.206194,2026-03-14 13:05:37.206194,False,Low,Notes for event 5,user_001,8,2026-04-13 00:05:37.206194,user_001,2,False,,0,1.98,5,2.12,1,3,1,0.81,0
6,Personal Event 6,Online,2026-05-09 17:05:37.206194,2026-05-09 17:35:37.206194,False,Low,Notes for event 6,user_001,4,2026-04-13 00:05:37.206194,user_001,4,False,,3,0.55,7,1.25,1,0,8,0.19,1
7,Work Event 7,Online,2026-05-26 20:05:37.206194,2026-05-26 23:05:37.206194,False,Low,Notes for event 7,user_001,3,2026-04-13 00:05:37.206194,user_001,1,True,"{""FREQ"":""WEEKLY""}",3,1.44,6,4.51,1,1,7,0.85,0
8,Music Research Event 8,Online,2026-02-12 13:05:37.206194,2026-02-12 14:35:37.206194,False,Medium,Notes for event 8,user_001,18,2026-04-13 00:05:37.206194,user_001,3,False,,1,2.91,9,3.68,1,0,6,0.49,0
9,Practice Event 9,Office,2026-02-19 07:05:37.206194,2026-02-19 10:05:37.206194,False,Medium,Notes for event 9,user_001,17,2026-04-13 00:05:37.206194,user_001,2,True,"{""FREQ"":""WEEKLY""}",5,2.59,6,0.6,1,1,10,0.19,1
10,Personal Event 10,Online,2026-04-29 07:05:37.206194,2026-04-29 10:05:37.206194,False,Low,Notes for event 10,user_001,9,2026-04-13 00:05:37.206194,user_001,4,False,,3,0.39,10,1.5,1,2,2,0.72,1
11,Work Event 11,Office,2026-02-13 14:05:37.206194,2026-02-13 17:05:37.206194,False,High,Notes for event 11,user_001,18,2026-04-13 00:05:37.206194,user_001,1,True,"{""FREQ"":""WEEKLY""}",0,2.64,5,1.42,1,3,9,0.27,1
12,Work Event 12,Online,2026-05-13 11:05:37.206194,2026-05-13 14:05:37.206194,False,High,Notes for event 12,user_001,4,2026-04-13 00:05:37.206194,user_001,1,False,,0,2.23,2,1.36,1,1,6,0.13,1
13,Personal Event 13,Online,2026-03-10 17:05:37.206194,2026-03-10 18:35:37.206194,False,High,Notes for event 13,user_001,2,2026-04-13 00:05:37.206194,user_001,4,False,,0,1.0,2,3.19,1,2,3,0.42,1
14,Personal Event 14,Office,2026-05-17 14:05:37.206194,2026-05-17 17:05:37.206194,False,High,Notes for event 14,user_001,4,2026-04-13 00:05:37.206194,user_001,4,True,"{""FREQ"":""WEEKLY""}",4,0.11,5,2.91,1,1,7,0.88,1
15,Work Event 15,Online,2026-02-28 07:05:37.206194,2026-02-28 08:35:37.206194,False,Medium,Notes for event 15,user_001,7,2026-04-13 00:05:37.206194,user_001,1,False,,4,2.65,6,4.87,1,1,4,0.67,0
16,Work Event 16,Office,2026-06-02 09:05:37.206194,2026-06-02 10:05:37.206194,False,Medium,Notes for event 16,user_001,11,2026-04-13 00:05:37.206194,user_001,1,True,"{""FREQ"":""WEEKLY""}",5,2.43,4,0.8,1,0,7,0.41,1
17,Practice Event 17,Online,2026-06-03 07:05:37.206194,2026-06-03 09:05:37.206194,False,Low,Notes for event 17,user_001,12,2026-04-13 00:05:37.206194,user_001,2,False,,0,1.98,6,1.64,1,0,5,0.8,1
18,Music Research Event 18,Office,2026-03-28 17:05:37.206194,2026-03-28 20:05:37.206194,False,Medium,Notes for event 18,user_001,4,2026-04-13 00:05:37.206194,user_001,3,True,"{""FREQ"":""WEEKLY""}",2,0.11,9,2.17,1,2,7,0.26,0
19,Practice Event 19,Office,2026-04-30 15:05:37.206194,2026-04-30 15:35:37.206194,False,Medium,Notes for event 19,user_001,2,2026-04-13 00:05:37.206194,user_001,2,False,,4,2.06,10,0.99,1,3,2,0.0,0
20,Work Event 20,Online,2026-05-08 12:05:37.206194,2026-05-08 15:05:37.206194,False,Medium,Notes for event 20,user_001,17,2026-04-13 00:05:37.206194,user_001,1,False,,2,1.66,3,2.1,1,3,3,0.41,1
21,Work Event 21,Office,2026-05-01 16:05:37.206194,2026-05-01 17:35:37.206194,False,Medium,Notes for event 21,user_001,10,2026-04-13 00:05:37.206194,user_001,1,False,,2,1.39,7,3.38,1,3,3,0.79,1
22,Music Research Event 22,Online,2026-05-07 08:05:37.206194,2026-05-07 09:35:37.206194,False,High,Notes for event 22,user_001,8,2026-04-13 00:05:37.206194,user_001,3,True,"{""FREQ"":""WEEKLY""}",0,0.14,7,3.06,1,0,8,0.22,1
23,Personal Event 23,Online,2026-04-06 17:05:37.206194,2026-04-06 20:05:37.206194,False,Low,Notes for event 23,user_001,13,2026-04-13 00:05:37.206194,user_001,4,False,,0,2.34,3,0.88,1,3,1,0.66,1
24,Practice Event 24,Office,2026-04-24 10:05:37.206194,2026-04-24 10:35:37.206194,False,Medium,Notes for event 24,user_001,17,2026-04-13 00:05:37.206194,user_001,2,False,,3,1.84,8,2.13,1,3,3,0.6,0
25,Music Research Event 25,Office,2026-05-18 20:05:37.206194,2026-05-18 22:05:37.206194,False,Medium,Notes for event 25,user_001,9,2026-04-13 00:05:37.206194,user_001,3,True,"{""FREQ"":""WEEKLY""}",2,1.32,4,1.17,1,2,6,0.52,0
26,Practice Event 26,Online,2026-06-06 15:05:37.206194,2026-06-06 15:35:37.206194,False,Low,Notes for event 26,user_001,13,2026-04-13 00:05:37.206194,user_001,2,True,"{""FREQ"":""WEEKLY""}",3,0.99,7,2.08,1,1,7,0.71,0
27,Work Event 27,Office,2026-04-02 19:05:37.206194,2026-04-02 22:05:37.206194,False,High,Notes for event 27,user_001,16,2026-04-13 00:05:37.206194,user_001,1,False,,3,1.61,8,4.0,1,1,8,0.35,1
28,Work Event 28,Office,2026-03-12 11:05:37.206194,2026-03-12 13:05:37.206194,False,Medium,Notes for event 28,user_001,11,2026-04-13 00:05:37.206194,user_001,1,False,,3,2.76,9,2.67,1,3,10,0.8,1
29,Personal Event 29,Online,2026-04-25 17:05:37.206194,2026-04-25 17:35:37.206194,False,Low,Notes for event 29,user_001,15,2026-04-13 00:05:37.206194,user_001,4,True,"{""FREQ"":""WEEKLY""}",3,0.98,6,1.39,1,3,5,0.26,1
30,Work Event 30,Office,2026-05-29 08:05:37.206194,2026-05-29 10:05:37.206194,False,Low,Notes for event 30,user_001,8,2026-04-13 00:05:37.206194,user_001,1,False,,0,2.85,3,4.2,1,1,4,0.78,0
31,Practice Event 31,Office,2026-02-28 14:05:37.206194,2026-02-28 14:35:37.206194,False,High,Notes for event 31,user_001,9,2026-04-13 00:05:37.206194,user_001,2,False,,5,2.16,2,4.82,1,0,10,0.17,1
32,Personal Event 32,Office,2026-02-15 11:05:37.206194,2026-02-15 14:05:37.206194,False,High,Notes for event 32,user_001,7,2026-04-13 00:05:37.206194,user_001,4,False,,0,2.09,4,4.25,1,0,10,0.69,1
33,Personal Event 33,Office,2026-05-23 07:05:37.206194,2026-05-23 08:35:37.206194,False,High,Notes for event 33,user_001,3,2026-04-13 00:05:37.206194,user_001,4,False,,3,0.32,5,3.18,1,3,3,0.34,1
34,Music Research Event 34,Online,2026-04-08 09:05:37.206194,2026-04-08 12:05:37.206194,False,High,Notes for event 34,user_001,15,2026-04-13 00:05:37.206194,user_001,3,False,,1,2.49,1,1.39,1,3,4,0.73,1
35,Personal Event 35,Online,2026-05-19 14:05:37.206194,2026-05-19 17:05:37.206194,False,High,Notes for event 35,user_001,1,2026-04-13 00:05:37.206194,user_001,4,False,,2,2.39,5,1.4,1,2,9,0.33,1
36,Practice Event 36,Online,2026-02-13 15:05:37.206194,2026-02-13 16:05:37.206194,False,Low,Notes for event 36,user_001,16,2026-04-13 00:05:37.206194,user_001,2,False,,5,1.47,0,0.47,1,1,7,0.24,0
37,Music Research Event 37,Office,2026-05-11 10:05:37.206194,2026-05-11 11:35:37.206194,False,High,Notes for event 37,user_001,18,2026-04-13 00:05:37.206194,user_001,3,False,,2,1.06,7,1.35,1,2,4,0.43,1
38,Work Event 38,Office,2026-02-27 18:05:37.206194,2026-02-27 19:05:37.206194,False,Medium,Notes for event 38,user_001,7,2026-04-13 00:05:37.206194,user_001,1,True,"{""FREQ"":""WEEKLY""}",4,1.79,1,4.16,1,2,4,0.48,1
39,Practice Event 39,Office,2026-03-30 09:05:37.206194,2026-03-30 10:35:37.206194,False,Low,Notes for event 39,user_001,2,2026-04-13 00:05:37.206194,user_001,2,False,,1,1.91,7,0.51,1,0,10,0.55,0
40,Music Research Event 40,Online,2026-03-20 14:05:37.206194,2026-03-20 16:05:37.206194,False,Medium,Notes for event 40,user_001,2,2026-04-13 00:05:37.206194,user_001,3,True,"{""FREQ"":""WEEKLY""}",0,1.2,1,2.89,1,0,3,0.86,1
41,Work Event 41,Office,2026-03-03 19:05:37.206194,2026-03-03 22:05:37.206194,False,Medium,Notes for event 41,user_001,4,2026-04-13 00:05:37.206194,user_001,1,True,"{""FREQ"":""WEEKLY""}",4,0.68,8,1.9,1,3,5,0.42,1
42,Work Event 42,Online,2026-06-02 16:05:37.206194,2026-06-02 18:05:37.206194,False,Medium,Notes for event 42,user_001,7,2026-04-13 00:05:37.206194,user_001,1,True,"{""FREQ"":""WEEKLY""}",1,0.52,1,0.78,1,3,8,0.26,1
43,Work Event 43,Online,2026-05-11 16:05:37.206194,2026-05-11 18:05:37.206194,False,Medium,Notes for event 43,user_001,10,2026-04-13 00:05:37.206194,user_001,1,True,"{""FREQ"":""WEEKLY""}",5,0.7,4,3.94,1,1,7,0.7,1
44,Practice Event 44,Online,2026-02-26 15:05:37.207191,2026-02-26 16:05:37.207191,False,High,Notes for event 44,user_001,5,2026-04-13 00:05:37.207191,user_001,2,False,,5,2.47,4,2.2,1,3,5,0.17,1
45,Personal Event 45,Office,2026-05-12 13:05:37.207191,2026-05-12 14:35:37.207191,False,High,Notes for event 45,user_001,3,2026-04-13 00:05:37.207191,user_001,4,False,,4,0.75,1,1.14,1,0,5,0.89,1
46,Personal Event 46,Office,2026-04-26 07:05:37.207191,2026-04-26 08:05:37.207191,False,Medium,Notes for event 46,user_001,6,2026-04-13 00:05:37.207191,user_001,4,False,,0,1.41,6,1.67,1,0,3,0.44,0
47,Personal Event 47,Online,2026-03-26 13:05:37.207191,2026-03-26 15:05:37.207191,False,Medium,Notes for event 47,user_001,15,2026-04-13 00:05:37.207191,user_001,4,True,"{""FREQ"":""WEEKLY""}",3,2.59,0,3.29,1,3,7,0.25,1
48,Personal Event 48,Office,2026-02-18 10:05:37.207191,2026-02-18 13:05:37.207191,False,Medium,Notes for event 48,user_001,2,2026-04-13 00:05:37.207191,user_001,4,False,,3,2.64,7,0.61,1,1,3,0.55,1
49,Personal Event 49,Online,2026-03-23 15:05:37.207191,2026-03-23 15:35:37.207191,False,High,Notes for event 49,user_001,8,2026-04-13 00:05:37.207191,user_001,4,True,"{""FREQ"":""WEEKLY""}",0,1.94,2,2.49,1,2,9,0.91,0
50,Personal Event 50,Office,2026-05-13 11:05:37.207191,2026-05-13 13:05:37.207191,False,Medium,Notes for event 50,user_001,15,2026-04-13 00:05:37.207191,user_001,4,True,"{""FREQ"":""WEEKLY""}",4,2.24,2,4.32,1,2,7,0.38,1
51,Work Event 51,Office,2026-03-27 19:05:37.207191,2026-03-27 22:05:37.207191,False,Medium,Notes for event 51,user_001,10,2026-04-13 00:05:37.207191,user_001,1,False,,1,1.34,7,1.73,1,3,8,0.58,0
52,Practice Event 52,Online,2026-06-11 12:05:37.207191,2026-06-11 13:05:37.207191,False,High,Notes for event 52,user_001,8,2026-04-13 00:05:37.207191,user_001,2,False,,3,2.12,6,1.93,1,1,8,0.41,0
53,Music Research Event 53,Online,2026-02-16 09:05:37.207191,2026-02-16 12:05:37.207191,False,High,Notes for event 53,user_001,15,2026-04-13 00:05:37.207191,user_001,3,True,"{""FREQ"":""WEEKLY""}",1,1.23,10,4.85,1,0,8,0.91,1
54,Personal Event 54,Online,2026-05-23 11:05:37.207191,2026-05-23 12:35:37.207191,False,High,Notes for event 54,user_001,11,2026-04-13 00:05:37.207191,user_001,4,True,"{""FREQ"":""WEEKLY""}",2,1.88,7,4.36,1,0,10,0.86,0
55,Work Event 55,Online,2026-02-20 10:05:37.207191,2026-02-20 11:35:37.207191,False,Low,Notes for event 55,user_001,4,2026-04-13 00:05:37.207191,user_001,1,False,,1,2.08,0,0.23,1,0,5,0.7,0
56,Practice Event 56,Online,2026-03-29 12:05:37.207191,2026-03-29 14:05:37.207191,False,Low,Notes for event 56,user_001,19,2026-04-13 00:05:37.207191,user_001,2,False,,4,2.61,9,3.42,1,3,10,0.18,0
57,Music Research Event 57,Online,2026-03-02 10:05:37.207191,2026-03-02 12:05:37.207191,False,High,Notes for event 57,user_001,9,2026-04-13 00:05:37.207191,user_001,3,False,,2,2.03,2,0.37,1,2,10,0.9,1
58,Music Research Event 58,Online,2026-03-22 17:05:37.207191,2026-03-22 19:05:37.207191,False,High,Notes for event 58,user_001,10,2026-04-13 00:05:37.207191,user_001,3,False,,1,1.14,5,2.87,1,2,1,0.38,1
59,Work Event 59,Office,2026-05-29 17:05:37.207191,2026-05-29 19:05:37.207191,False,Medium,Notes for event 59,user_001,20,2026-04-13 00:05:37.207191,user_001,1,True,"{""FREQ"":""WEEKLY""}",1,1.82,5,1.1,1,1,10,0.83,1
60,Work Event 60,Online,2026-03-16 17:05:37.207191,2026-03-16 18:05:37.207191,False,High,Notes for event 60,user_001,10,2026-04-13 00:05:37.207191,user_001,1,True,"{""FREQ"":""WEEKLY""}",1,0.27,4,1.63,1,3,3,0.03,1
61,Music Research Event 61,Office,2026-03-09 09:05:37.207191,2026-03-09 12:05:37.207191,False,Medium,Notes for event 61,user_001,9,2026-04-13 00:05:37.207191,user_001,3,True,"{""FREQ"":""WEEKLY""}",2,2.24,5,4.02,1,3,2,0.94,0
62,Personal Event 62,Office,2026-03-02 19:05:37.207191,2026-03-02 20:05:37.207191,False,High,Notes for event 62,user_001,3,2026-04-13 00:05:37.207191,user_001,4,False,,3,1.11,10,1.31,1,3,6,0.01,0
63,Work Event 63,Office,2026-02-25 17:05:37.207191,2026-02-25 18:05:37.207191,False,Medium,Notes for event 63,user_001,20,2026-04-13 00:05:37.207191,user_001,1,False,,5,0.91,6,0.58,1,0,1,0.06,1
64,Practice Event 64,Office,2026-03-22 14:05:37.207191,2026-03-22 14:35:37.207191,False,Low,Notes for event 64,user_001,13,2026-04-13 00:05:37.207191,user_001,2,True,"{""FREQ"":""WEEKLY""}",4,1.26,2,4.43,1,0,8,0.67,1
65,Music Research Event 65,Online,2026-05-01 13:05:37.207191,2026-05-01 14:35:37.207191,False,Low,Notes for event 65,user_001,15,2026-04-13 00:05:37.207191,user_001,3,True,"{""FREQ"":""WEEKLY""}",5,1.1,10,1.79,1,3,5,0.24,1
66,Practice Event 66,Online,2026-03-08 08:05:37.207191,2026-03-08 10:05:37.207191,False,Low,Notes for event 66,user_001,2,2026-04-13 00:05:37.207191,user_001,2,True,"{""FREQ"":""WEEKLY""}",4,0.62,8,1.04,1,1,4,0.24,0
67,Work Event 67,Office,2026-03-26 19:05:37.207191,2026-03-26 20:05:37.207191,False,High,Notes for event 67,user_001,5,2026-04-13 00:05:37.207191,user_001,1,False,,0,1.98,0,0.66,1,2,4,0.54,0
68,Music Research Event 68,Office,2026-04-28 12:05:37.207191,2026-04-28 12:35:37.207191,False,Low,Notes for event 68,user_001,5,2026-04-13 00:05:37.207191,user_001,3,True,"{""FREQ"":""WEEKLY""}",3,1.34,5,2.57,1,0,8,0.53,0
69,Music Research Event 69,Online,2026-04-17 10:05:37.207191,2026-04-17 13:05:37.207191,False,Low,Notes for event 69,user_001,1,2026-04-13 00:05:37.207191,user_001,3,False,,5,0.32,7,0.37,1,0,6,0.48,1
70,Music Research Event 70,Online,2026-04-30 09:05:37.207191,2026-04-30 09:35:37.207191,False,Low,Notes for event 70,user_001,13,2026-04-13 00:05:37.207191,user_001,3,False,,4,1.29,1,4.26,1,1,7,0.53,0
71,Personal Event 71,Online,2026-04-10 10:05:37.207191,2026-04-10 12:05:37.207191,False,Medium,Notes for event 71,user_001,14,2026-04-13 00:05:37.207191,user_001,4,False,,2,1.12,2,3.43,1,3,2,0.31,0
72,Personal Event 72,Office,2026-02-23 20:05:37.207191,2026-02-23 20:35:37.207191,False,Low,Notes for event 72,user_001,12,2026-04-13 00:05:37.207191,user_001,4,True,"{""FREQ"":""WEEKLY""}",4,1.69,10,0.61,1,2,7,0.56,0
73,Music Research Event 73,Office,2026-06-03 18:05:37.207191,2026-06-03 18:35:37.207191,False,Medium,Notes for event 73,user_001,4,2026-04-13 00:05:37.207191,user_001,3,False,,1,2.54,5,4.23,1,2,2,0.21,1
74,Personal Event 74,Online,2026-05-20 11:05:37.207191,2026-05-20 14:05:37.207191,False,Low,Notes for event 74,user_001,20,2026-04-13 00:05:37.207191,user_001,4,True,"{""FREQ"":""WEEKLY""}",1,0.82,4,4.61,1,2,1,0.83,0
75,Personal Event 75,Online,2026-03-07 20:05:37.207191,2026-03-07 21:05:37.207191,False,High,Notes for event 75,user_001,5,2026-04-13 00:05:37.207191,user_001,4,True,"{""FREQ"":""WEEKLY""}",4,0.65,6,2.27,1,1,6,0.97,0
76,Work Event 76,Office,2026-03-23 18:05:37.207191,2026-03-23 19:35:37.207191,False,High,Notes for event 76,user_001,5,2026-04-13 00:05:37.207191,user_001,1,True,"{""FREQ"":""WEEKLY""}",2,1.33,6,2.43,1,3,7,0.62,1
77,Music Research Event 77,Online,2026-03-18 10:05:37.207191,2026-03-18 13:05:37.207191,False,Low,Notes for event 77,user_001,4,2026-04-13 00:05:37.207191,user_001,3,False,,5,0.93,3,1.98,1,0,1,0.68,1
78,Music Research Event 78,Online,2026-03-10 11:05:37.207191,2026-03-10 12:05:37.207191,False,Low,Notes for event 78,user_001,11,2026-04-13 00:05:37.207191,user_001,3,False,,1,1.14,3,2.5,1,2,2,0.5,1
79,Work Event 79,Office,2026-04-03 20:05:37.207191,2026-04-03 20:35:37.207191,False,Medium,Notes for event 79,user_001,3,2026-04-13 00:05:37.207191,user_001,1,False,,5,1.92,4,0.58,1,0,6,0.58,0
80,Music Research Event 80,Office,2026-03-05 19:05:37.207191,2026-03-05 22:05:37.207191,False,Medium,Notes for event 80,user_001,14,2026-04-13 00:05:37.207191,user_001,3,True,"{""FREQ"":""WEEKLY""}",4,0.24,4,3.73,1,1,6,0.24,0
81,Work Event 81,Office,2026-05-22 09:05:37.207191,2026-05-22 09:35:37.207191,False,High,Notes for event 81,user_001,12,2026-04-13 00:05:37.207191,user_001,1,True,"{""FREQ"":""WEEKLY""}",1,0.71,2,1.28,1,1,10,0.96,1
82,Personal Event 82,Office,2026-03-03 19:05:37.207191,2026-03-03 19:35:37.207191,False,Low,Notes for event 82,user_001,19,2026-04-13 00:05:37.208188,user_001,4,False,,4,1.93,9,1.62,1,2,3,0.45,0
83,Music Research Event 83,Online,2026-04-09 08:05:37.208188,2026-04-09 10:05:37.208188,False,Medium,Notes for event 83,user_001,19,2026-04-13 00:05:37.208188,user_001,3,False,,3,0.11,5,4.16,1,0,2,0.51,1
84,Personal Event 84,Online,2026-05-01 16:05:37.208188,2026-05-01 19:05:37.208188,False,Medium,Notes for event 84,user_001,15,2026-04-13 00:05:37.208188,user_001,4,True,"{""FREQ"":""WEEKLY""}",4,1.43,2,4.79,1,3,2,0.57,0
85,Work Event 85,Online,2026-05-26 20:05:37.208188,2026-05-26 21:35:37.208188,False,High,Notes for event 85,user_001,2,2026-04-13 00:05:37.208188,user_001,1,True,"{""FREQ"":""WEEKLY""}",4,1.83,5,1.86,1,2,7,0.44,1
86,Work Event 86,Online,2026-04-05 19:05:37.208188,2026-04-05 20:35:37.208188,False,High,Notes for event 86,user_001,3,2026-04-13 00:05:37.208188,user_001,1,False,,2,2.17,10,4.82,1,1,6,0.56,1
87,Music Research Event 87,Online,2026-02-22 16:05:37.208188,2026-02-22 17:05:37.208188,False,Medium,Notes for event 87,user_001,5,2026-04-13 00:05:37.208188,user_001,3,False,,3,1.93,5,4.07,1,0,7,0.94,1
88,Music Research Event 88,Online,2026-04-18 12:05:37.208188,2026-04-18 12:35:37.208188,False,Medium,Notes for event 88,user_001,7,2026-04-13 00:05:37.208188,user_001,3,True,"{""FREQ"":""WEEKLY""}",1,0.46,4,4.22,1,0,9,0.77,1
89,Music Research Event 89,Office,2026-05-21 15:05:37.208188,2026-05-21 18:05:37.208188,False,Low,Notes for event 89,user_001,20,2026-04-13 00:05:37.208188,user_001,3,True,"{""FREQ"":""WEEKLY""}",4,2.43,2,3.61,1,0,7,0.16,1
90,Music Research Event 90,Office,2026-03-30 17:05:37.208188,2026-03-30 18:05:37.208188,False,Medium,Notes for event 90,user_001,8,2026-04-13 00:05:37.208188,user_001,3,False,,3,2.71,3,1.84,1,3,8,0.31,1
91,Personal Event 91,Online,2026-05-21 11:05:37.208188,2026-05-21 13:05:37.208188,False,High,Notes for event 91,user_001,7,2026-04-13 00:05:37.208188,user_001,4,True,"{""FREQ"":""WEEKLY""}",5,1.44,5,2.77,1,0,9,0.14,0
92,Practice Event 92,Online,2026-05-31 08:05:37.208188,2026-05-31 09:35:37.208188,False,Low,Notes for event 92,user_001,15,2026-04-13 00:05:37.208188,user_001,2,False,,1,2.45,5,4.65,1,3,1,0.15,0
93,Personal Event 93,Online,2026-04-03 15:05:37.208188,2026-04-03 16:35:37.208188,False,Low,Notes for event 93,user_001,12,2026-04-13 00:05:37.208188,user_001,4,True,"{""FREQ"":""WEEKLY""}",5,1.95,2,0.69,1,2,8,0.32,1
94,Personal Event 94,Online,2026-05-12 20:05:37.208188,2026-05-12 21:05:37.208188,False,High,Notes for event 94,user_001,20,2026-04-13 00:05:37.208188,user_001,4,False,,1,1.65,9,2.64,1,0,5,0.08,1
95,Practice Event 95,Office,2026-03-14 11:05:37.208188,2026-03-14 11:35:37.208188,False,Low,Notes for event 95,user_001,20,2026-04-13 00:05:37.208188,user_001,2,False,,4,1.61,10,2.58,1,1,3,0.11,1
96,Music Research Event 96,Online,2026-03-21 13:05:37.208188,2026-03-21 13:35:37.208188,False,High,Notes for event 96,user_001,19,2026-04-13 00:05:37.208188,user_001,3,True,"{""FREQ"":""WEEKLY""}",2,0.2,8,2.72,1,0,7,0.66,1
97,Personal Event 97,Online,2026-06-03 14:05:37.208188,2026-06-03 14:35:37.208188,False,High,Notes for event 97,user_001,9,2026-04-13 00:05:37.208188,user_001,4,False,,1,2.2,10,0.52,1,2,3,0.36,0
98,Practice Event 98,Online,2026-02-17 12:05:37.208188,2026-02-17 15:05:37.208188,False,Medium,Notes for event 98,user_001,16,2026-04-13 00:05:37.208188,user_001,2,False,,3,0.11,3,0.22,1,1,1,0.81,0
99,Personal Event 99,Online,2026-03-24 11:05:37.208188,2026-03-24 14:05:37.208188,False,Medium,Notes for event 99,user_001,2,2026-04-13 00:05:37.208188,user_001,4,False,,0,2.6,5,1.37,1,2,7,0.19,0
100,Music Research Event 100,Office,2026-06-05 13:05:37.208188,2026-06-05 15:05:37.208188,False,Medium,Notes for event 100,user_001,16,2026-04-13 00:05:37.208188,user_001,3,True,"{""FREQ"":""WEEKLY""}",2,2.4,6,0.39,1,1,9,0.37,1
101,Music Research Event 101,Online,2026-03-21 12:05:37.208188,2026-03-21 12:35:37.208188,False,Low,Notes for event 101,user_001,10,2026-04-13 00:05:37.208188,user_001,3,False,,3,1.05,0,3.63,1,2,10,0.72,1
102,Personal Event 102,Office,2026-04-08 11:05:37.208188,2026-04-08 11:35:37.208188,False,Low,Notes for event 102,user_001,17,2026-04-13 00:05:37.208188,user_001,4,False,,1,2.55,10,3.91,1,0,3,0.68,0
103,Personal Event 103,Online,2026-02-20 10:05:37.208188,2026-02-20 11:35:37.208188,False,Medium,Notes for event 103,user_001,20,2026-04-13 00:05:37.208188,user_001,4,True,"{""FREQ"":""WEEKLY""}",3,2.29,9,0.69,1,2,7,0.45,1
104,Work Event 104,Office,2026-03-24 17:05:37.208188,2026-03-24 18:35:37.208188,False,Low,Notes for event 104,user_001,6,2026-04-13 00:05:37.208188,user_001,1,True,"{""FREQ"":""WEEKLY""}",2,2.32,7,1.07,1,2,8,0.39,1
105,Personal Event 105,Office,2026-03-09 08:05:37.208188,2026-03-09 09:05:37.208188,False,Low,Notes for event 105,user_001,15,2026-04-13 00:05:37.208188,user_001,4,True,"{""FREQ"":""WEEKLY""}",2,2.0,1,2.75,1,2,5,0.81,0
106,Practice Event 106,Online,2026-05-31 09:05:37.208188,2026-05-31 10:05:37.208188,False,Medium,Notes for event 106,user_001,7,2026-04-13 00:05:37.208188,user_001,2,True,"{""FREQ"":""WEEKLY""}",2,1.66,5,2.34,1,1,10,0.24,0
107,Personal Event 107,Office,2026-06-05 08:05:37.208188,2026-06-05 08:35:37.208188,False,Medium,Notes for event 107,user_001,17,2026-04-13 00:05:37.208188,user_001,4,False,,1,2.92,10,0.37,1,3,9,0.41,0
108,Practice Event 108,Office,2026-03-28 09:05:37.208188,2026-03-28 12:05:37.208188,False,High,Notes for event 108,user_001,14,2026-04-13 00:05:37.208188,user_001,2,True,"{""FREQ"":""WEEKLY""}",4,0.46,2,0.81,1,1,6,0.87,1
109,Music Research Event 109,Office,2026-06-12 15:05:37.208188,2026-06-12 16:35:37.208188,False,Low,Notes for event 109,user_001,18,2026-04-13 00:05:37.208188,user_001,3,True,"{""FREQ"":""WEEKLY""}",0,1.51,2,2.96,1,1,3,0.63,1
110,Work Event 110,Office,2026-05-07 16:05:37.208188,2026-05-07 19:05:37.208188,False,Medium,Notes for event 110,user_001,3,2026-04-13 00:05:37.208188,user_001,1,True,"{""FREQ"":""WEEKLY""}",5,0.63,9,2.08,1,0,8,0.64,1
111,Music Research Event 111,Online,2026-06-05 17:05:37.208188,2026-06-05 20:05:37.208188,False,Medium,Notes for event 111,user_001,8,2026-04-13 00:05:37.208188,user_001,3,False,,0,2.07,2,2.2,1,3,8,0.68,0
112,Music Research Event 112,Online,2026-03-10 12:05:37.208188,2026-03-10 15:05:37.208188,False,Low,Notes for event 112,user_001,12,2026-04-13 00:05:37.208188,user_001,3,False,,4,0.32,3,2.33,1,2,8,0.13,0
113,Music Research Event 113,Office,2026-03-15 09:05:37.208188,2026-03-15 09:35:37.208188,False,Low,Notes for event 113,user_001,20,2026-04-13 00:05:37.208188,user_001,3,False,,2,2.8,5,0.95,1,1,8,0.96,1
114,Personal Event 114,Office,2026-04-18 14:05:37.208188,2026-04-18 16:05:37.208188,False,Medium,Notes for event 114,user_001,3,2026-04-13 00:05:37.208188,user_001,4,True,"{""FREQ"":""WEEKLY""}",1,1.75,0,0.25,1,3,10,0.51,0
115,Work Event 115,Online,2026-06-04 20:05:37.208188,2026-06-04 22:05:37.208188,False,Medium,Notes for event 115,user_001,14,2026-04-13 00:05:37.208188,user_001,1,True,"{""FREQ"":""WEEKLY""}",3,1.1,6,0.26,1,1,6,0.26,1
116,Personal Event 116,Office,2026-04-23 11:05:37.208188,2026-04-23 11:35:37.208188,False,Medium,Notes for event 116,user_001,20,2026-04-13 00:05:37.208188,user_001,4,False,,3,1.12,5,2.79,1,2,3,0.12,0
117,Work Event 117,Online,2026-03-09 16:05:37.208188,2026-03-09 19:05:37.208188,False,Medium,Notes for event 117,user_001,2,2026-04-13 00:05:37.208188,user_001,1,True,"{""FREQ"":""WEEKLY""}",3,0.45,8,0.7,1,2,3,0.33,1
118,Music Research Event 118,Online,2026-04-03 16:05:37.208188,2026-04-03 17:35:37.208188,False,High,Notes for event 118,user_001,19,2026-04-13 00:05:37.208188,user_001,3,False,,5,0.33,6,2.92,1,0,10,0.82,1
119,Practice Event 119,Office,2026-04-13 11:05:37.208188,2026-04-13 14:05:37.208188,False,High,Notes for event 119,user_001,19,2026-04-13 00:05:37.208188,user_001,2,True,"{""FREQ"":""WEEKLY""}",3,0.44,10,1.21,1,0,4,0.52,1
120,Practice Event 120,Office,2026-02-14 14:05:37.208188,2026-02-14 15:35:37.208188,False,Medium,Notes for event 120,user_001,7,2026-04-13 00:05:37.208188,user_001,2,False,,5,2.18,2,2.59,1,2,8,0.77,1
121,Personal Event 121,Office,2026-04-20 13:05:37.208188,2026-04-20 14:35:37.208188,False,Low,Notes for event 121,user_001,18,2026-04-13 00:05:37.208188,user_001,4,False,,5,2.41,4,3.05,1,1,4,0.77,1
122,Music Research Event 122,Online,2026-03-19 15:05:37.208188,2026-03-19 16:35:37.208188,False,Low,Notes for event 122,user_001,7,2026-04-13 00:05:37.208188,user_001,3,False,,4,2.8,4,1.44,1,3,7,0.49,0
123,Work Event 123,Online,2026-05-27 12:05:37.208188,2026-05-27 13:05:37.208188,False,Medium,Notes for event 123,user_001,3,2026-04-13 00:05:37.208188,user_001,1,False,,3,0.64,8,1.36,1,2,3,0.44,1
124,Practice Event 124,Online,2026-02-25 16:05:37.208188,2026-02-25 19:05:37.208188,False,Low,Notes for event 124,user_001,17,2026-04-13 00:05:37.209186,user_001,2,True,"{""FREQ"":""WEEKLY""}",2,2.15,1,3.41,1,1,1,0.23,1
125,Personal Event 125,Online,2026-04-23 09:05:37.209186,2026-04-23 11:05:37.209186,False,High,Notes for event 125,user_001,7,2026-04-13 00:05:37.209186,user_001,4,False,,0,2.72,1,3.26,1,1,9,0.29,0
126,Personal Event 126,Online,2026-05-17 18:05:37.209186,2026-05-17 18:35:37.209186,False,Low,Notes for event 126,user_001,2,2026-04-13 00:05:37.209186,user_001,4,True,"{""FREQ"":""WEEKLY""}",5,2.89,4,4.38,1,0,5,0.4,0
127,Music Research Event 127,Online,2026-04-25 16:05:37.209186,2026-04-25 16:35:37.209186,False,Medium,Notes for event 127,user_001,18,2026-04-13 00:05:37.209186,user_001,3,False,,4,1.4,3,4.04,1,2,3,0.89,1
128,Practice Event 128,Office,2026-05-16 14:05:37.209186,2026-05-16 15:35:37.209186,False,High,Notes for event 128,user_001,11,2026-04-13 00:05:37.209186,user_001,2,True,"{""FREQ"":""WEEKLY""}",1,1.83,10,4.49,1,3,9,0.57,1
129,Work Event 129,Online,2026-03-25 08:05:37.209186,2026-03-25 10:05:37.209186,False,High,Notes for event 129,user_001,5,2026-04-13 00:05:37.209186,user_001,1,True,"{""FREQ"":""WEEKLY""}",3,0.71,4,4.77,1,2,10,0.94,1
130,Music Research Event 130,Online,2026-05-15 16:05:37.209186,2026-05-15 16:35:37.209186,False,Medium,Notes for event 130,user_001,2,2026-04-13 00:05:37.209186,user_001,3,True,"{""FREQ"":""WEEKLY""}",5,1.51,4,3.45,1,2,6,0.47,1
131,Personal Event 131,Online,2026-05-01 10:05:37.209186,2026-05-01 11:05:37.209186,False,Low,Notes for event 131,user_001,15,2026-04-13 00:05:37.209186,user_001,4,True,"{""FREQ"":""WEEKLY""}",4,2.74,8,4.01,1,1,4,0.61,0
132,Personal Event 132,Office,2026-05-10 19:05:37.209186,2026-05-10 22:05:37.209186,False,Low,Notes for event 132,user_001,3,2026-04-13 00:05:37.209186,user_001,4,False,,4,0.61,8,0.75,1,2,9,0.11,0
133,Personal Event 133,Online,2026-04-09 08:05:37.209186,2026-04-09 09:05:37.209186,False,High,Notes for event 133,user_001,17,2026-04-13 00:05:37.209186,user_001,4,True,"{""FREQ"":""WEEKLY""}",3,1.37,0,2.79,1,2,1,0.06,1
134,Practice Event 134,Office,2026-04-03 11:05:37.209186,2026-04-03 11:35:37.209186,False,High,Notes for event 134,user_001,2,2026-04-13 00:05:37.209186,user_001,2,True,"{""FREQ"":""WEEKLY""}",0,2.8,1,4.93,1,3,1,0.7,1
135,Personal Event 135,Online,2026-03-20 13:05:37.209186,2026-03-20 14:05:37.209186,False,Low,Notes for event 135,user_001,13,2026-04-13 00:05:37.209186,user_001,4,False,,0,2.05,10,4.37,1,1,6,0.92,0
136,Practice Event 136,Online,2026-02-27 09:05:37.209186,2026-02-27 12:05:37.209186,False,Medium,Notes for event 136,user_001,1,2026-04-13 00:05:37.209186,user_001,2,True,"{""FREQ"":""WEEKLY""}",5,1.63,8,1.9,1,1,4,0.98,0
137,Practice Event 137,Office,2026-04-11 12:05:37.209186,2026-04-11 13:05:37.209186,False,Medium,Notes for event 137,user_001,2,2026-04-13 00:05:37.209186,user_001,2,True,"{""FREQ"":""WEEKLY""}",0,0.72,1,0.5,1,0,8,0.42,0
138,Work Event 138,Office,2026-04-29 17:05:37.209186,2026-04-29 17:35:37.209186,False,Low,Notes for event 138,user_001,15,2026-04-13 00:05:37.209186,user_001,1,False,,0,0.42,4,1.17,1,2,10,0.22,1
139,Music Research Event 139,Online,2026-04-29 19:05:37.209186,2026-04-29 20:35:37.209186,False,Low,Notes for event 139,user_001,17,2026-04-13 00:05:37.209186,user_001,3,True,"{""FREQ"":""WEEKLY""}",4,2.64,2,3.13,1,3,9,0.3,1
140,Personal Event 140,Online,2026-04-16 07:05:37.209186,2026-04-16 08:35:37.209186,False,High,Notes for event 140,user_001,14,2026-04-13 00:05:37.209186,user_001,4,False,,4,1.42,3,1.5,1,1,8,0.3,1
141,Personal Event 141,Office,2026-06-09 07:05:37.209186,2026-06-09 10:05:37.209186,False,Medium,Notes for event 141,user_001,13,2026-04-13 00:05:37.209186,user_001,4,True,"{""FREQ"":""WEEKLY""}",3,2.54,1,2.68,1,1,1,0.2,1
142,Work Event 142,Office,2026-03-18 13:05:37.209186,2026-03-18 16:05:37.209186,False,High,Notes for event 142,user_001,7,2026-04-13 00:05:37.209186,user_001,1,True,"{""FREQ"":""WEEKLY""}",1,1.44,5,1.52,1,0,4,0.59,1
143,Personal Event 143,Online,2026-06-11 10:05:37.209186,2026-06-11 10:35:37.209186,False,High,Notes for event 143,user_001,20,2026-04-13 00:05:37.209186,user_001,4,True,"{""FREQ"":""WEEKLY""}",2,2.33,6,2.33,1,2,5,0.4,1
144,Personal Event 144,Online,2026-03-17 12:05:37.209186,2026-03-17 15:05:37.209186,False,Medium,Notes for event 144,user_001,16,2026-04-13 00:05:37.209186,user_001,4,True,"{""FREQ"":""WEEKLY""}",2,1.24,9,4.32,1,1,1,0.32,0
145,Personal Event 145,Office,2026-03-17 15:05:37.209186,2026-03-17 18:05:37.209186,False,High,Notes for event 145,user_001,5,2026-04-13 00:05:37.209186,user_001,4,False,,1,1.5,10,4.72,1,2,5,0.23,1
146,Personal Event 146,Online,2026-05-20 20:05:37.209186,2026-05-20 22:05:37.209186,False,High,Notes for event 146,user_001,6,2026-04-13 00:05:37.209186,user_001,4,False,,4,1.46,8,4.95,1,0,9,0.35,0
147,Work Event 147,Online,2026-02-16 20:05:37.209186,2026-02-16 20:35:37.209186,False,High,Notes for event 147,user_001,14,2026-04-13 00:05:37.209186,user_001,1,True,"{""FREQ"":""WEEKLY""}",1,0.03,8,2.28,1,0,10,0.63,1
148,Personal Event 148,Online,2026-05-04 17:05:37.209186,2026-05-04 20:05:37.209186,False,Medium,Notes for event 148,user_001,1,2026-04-13 00:05:37.209186,user_001,4,True,"{""FREQ"":""WEEKLY""}",5,0.82,4,0.09,1,3,3,0.41,1
149,Practice Event 149,Online,2026-02-25 08:05:37.209186,2026-02-25 11:05:37.209186,False,Low,Notes for event 149,user_001,20,2026-04-13 00:05:37.209186,user_001,2,True,"{""FREQ"":""WEEKLY""}",3,0.24,6,2.29,1,1,4,0.82,0
150,Work Event 150,Online,2026-03-22 17:05:37.209186,2026-03-22 17:35:37.209186,False,High,Notes for event 150,user_001,13,2026-04-13 00:05:37.209186,user_001,1,True,"{""FREQ"":""WEEKLY""}",0,2.11,1,2.5,1,3,6,0.55,1
151,Work Event 151,Office,2026-04-25 20:05:37.209186,2026-04-25 20:35:37.209186,False,High,Notes for event 151,user_001,7,2026-04-13 00:05:37.209186,user_001,1,True,"{""FREQ"":""WEEKLY""}",2,0.14,1,3.42,1,2,9,0.69,0
152,Music Research Event 152,Office,2026-04-25 17:05:37.209186,2026-04-25 17:35:37.209186,False,Low,Notes for event 152,user_001,7,2026-04-13 00:05:37.209186,user_001,3,True,"{""FREQ"":""WEEKLY""}",3,2.79,4,0.81,1,1,10,0.75,1
153,Music Research Event 153,Online,2026-05-29 20:05:37.209186,2026-05-29 22:05:37.209186,False,High,Notes for event 153,user_001,5,2026-04-13 00:05:37.209186,user_001,3,False,,5,2.92,0,0.49,1,1,2,0.69,0
154,Personal Event 154,Online,2026-03-27 16:05:37.209186,2026-03-27 19:05:37.209186,False,High,Notes for event 154,user_001,1,2026-04-13 00:05:37.209186,user_001,4,False,,1,1.07,6,2.16,1,3,2,0.78,1
155,Work Event 155,Office,2026-05-21 16:05:37.209186,2026-05-21 17:35:37.209186,False,Low,Notes for event 155,user_001,9,2026-04-13 00:05:37.209186,user_001,1,True,"{""FREQ"":""WEEKLY""}",5,1.17,5,0.53,1,0,5,0.71,1
156,Practice Event 156,Office,2026-04-09 12:05:37.209186,2026-04-09 13:35:37.209186,False,Low,Notes for event 156,user_001,6,2026-04-13 00:05:37.209186,user_001,2,True,"{""FREQ"":""WEEKLY""}",0,0.08,5,2.77,1,2,7,0.56,1
157,Work Event 157,Online,2026-02-13 11:05:37.209186,2026-02-13 13:05:37.209186,False,Medium,Notes for event 157,user_001,19,2026-04-13 00:05:37.209186,user_001,1,True,"{""FREQ"":""WEEKLY""}",2,0.9,7,0.73,1,1,7,0.69,1
158,Work Event 158,Online,2026-03-19 13:05:37.209186,2026-03-19 14:35:37.209186,False,Medium,Notes for event 158,user_001,9,2026-04-13 00:05:37.209186,user_001,1,False,,4,0.59,1,0.68,1,0,7,0.72,0
159,Music Research Event 159,Office,2026-03-26 20:05:37.209186,2026-03-26 23:05:37.209186,False,Medium,Notes for event 159,user_001,11,2026-04-13 00:05:37.209186,user_001,3,False,,4,0.41,5,3.02,1,1,8,0.82,1
160,Music Research Event 160,Online,2026-03-24 09:05:37.209186,2026-03-24 11:05:37.209186,False,Medium,Notes for event 160,user_001,19,2026-04-13 00:05:37.209186,user_001,3,False,,3,1.1,9,1.0,1,1,9,0.33,0
161,Practice Event 161,Office,2026-02-15 18:05:37.209186,2026-02-15 20:05:37.209186,False,High,Notes for event 161,user_001,10,2026-04-13 00:05:37.209186,user_001,2,False,,3,2.02,2,3.17,1,1,5,0.07,0
162,Work Event 162,Office,2026-05-07 09:05:37.209186,2026-05-07 11:05:37.209186,False,Medium,Notes for event 162,user_001,20,2026-04-13 00:05:37.209186,user_001,1,False,,5,1.25,0,3.95,1,2,9,0.4,1
163,Practice Event 163,Office,2026-04-29 17:05:37.209186,2026-04-29 17:35:37.209186,False,Low,Notes for event 163,user_001,6,2026-04-13 00:05:37.209186,user_001,2,False,,5,1.94,5,4.83,1,3,2,0.04,0
164,Practice Event 164,Office,2026-02-13 08:05:37.209186,2026-02-13 09:35:37.209186,False,Low,Notes for event 164,user_001,12,2026-04-13 00:05:37.209186,user_001,2,False,,4,0.45,0,2.41,1,2,7,0.77,1
165,Practice Event 165,Office,2026-06-09 08:05:37.209186,2026-06-09 08:35:37.209186,False,High,Notes for event 165,user_001,10,2026-04-13 00:05:37.209186,user_001,2,False,,2,1.43,7,3.61,1,3,6,0.78,1
166,Work Event 166,Online,2026-02-20 11:05:37.209186,2026-02-20 11:35:37.209186,False,High,Notes for event 166,user_001,11,2026-04-13 00:05:37.209186,user_001,1,True,"{""FREQ"":""WEEKLY""}",5,0.73,2,2.76,1,2,9,0.68,1
167,Practice Event 167,Office,2026-04-07 14:05:37.209186,2026-04-07 15:05:37.209186,False,Medium,Notes for event 167,user_001,14,2026-04-13 00:05:37.210183,user_001,2,True,"{""FREQ"":""WEEKLY""}",3,1.78,6,0.02,1,1,4,0.74,1
168,Work Event 168,Online,2026-03-19 19:05:37.210183,2026-03-19 19:35:37.210183,False,High,Notes for event 168,user_001,12,2026-04-13 00:05:37.210183,user_001,1,True,"{""FREQ"":""WEEKLY""}",3,1.58,10,1.57,1,3,10,0.46,1
169,Music Research Event 169,Office,2026-04-03 16:05:37.210183,2026-04-03 16:35:37.210183,False,Medium,Notes for event 169,user_001,20,2026-04-13 00:05:37.210183,user_001,3,False,,4,1.77,10,0.67,1,0,4,0.67,1
170,Practice Event 170,Online,2026-03-23 08:05:37.210183,2026-03-23 09:05:37.210183,False,Medium,Notes for event 170,user_001,14,2026-04-13 00:05:37.210183,user_001,2,False,,3,1.91,10,4.65,1,1,9,0.57,0
171,Practice Event 171,Office,2026-03-05 14:05:37.210183,2026-03-05 15:35:37.210183,False,Low,Notes for event 171,user_001,15,2026-04-13 00:05:37.210183,user_001,2,False,,3,0.41,6,4.82,1,3,7,0.87,0
172,Personal Event 172,Office,2026-05-10 14:05:37.210183,2026-05-10 16:05:37.210183,False,High,Notes for event 172,user_001,6,2026-04-13 00:05:37.210183,user_001,4,False,,2,0.1,3,2.69,1,1,8,0.03,1
173,Work Event 173,Online,2026-04-25 18:05:37.210183,2026-04-25 20:05:37.210183,False,High,Notes for event 173,user_001,9,2026-04-13 00:05:37.210183,user_001,1,True,"{""FREQ"":""WEEKLY""}",0,2.28,7,2.73,1,3,2,0.82,1
174,Work Event 174,Online,2026-05-17 20:05:37.210183,2026-05-17 21:05:37.210183,False,Medium,Notes for event 174,user_001,9,2026-04-13 00:05:37.210183,user_001,1,False,,0,2.33,3,1.05,1,2,10,0.82,1
175,Practice Event 175,Office,2026-05-03 13:05:37.210183,2026-05-03 14:05:37.210183,False,High,Notes for event 175,user_001,7,2026-04-13 00:05:37.210183,user_001,2,True,"{""FREQ"":""WEEKLY""}",4,1.62,5,4.9,1,2,5,0.57,1
176,Work Event 176,Office,2026-04-26 11:05:37.210183,2026-04-26 14:05:37.210183,False,High,Notes for event 176,user_001,14,2026-04-13 00:05:37.210183,user_001,1,True,"{""FREQ"":""WEEKLY""}",1,2.1,2,1.25,1,2,4,0.99,0
177,Practice Event 177,Office,2026-05-20 20:05:37.210183,2026-05-20 22:05:37.210183,False,Medium,Notes for event 177,user_001,14,2026-04-13 00:05:37.210183,user_001,2,False,,0,1.21,4,3.47,1,2,8,0.08,1
178,Work Event 178,Online,2026-04-15 12:05:37.210183,2026-04-15 15:05:37.210183,False,Low,Notes for event 178,user_001,12,2026-04-13 00:05:37.210183,user_001,1,False,,3,2.47,7,1.34,1,2,6,0.8,0
179,Personal Event 179,Office,2026-04-23 16:05:37.210183,2026-04-23 17:05:37.210183,False,High,Notes for event 179,user_001,2,2026-04-13 00:05:37.210183,user_001,4,False,,0,0.37,2,2.21,1,0,7,0.63,1
180,Music Research Event 180,Online,2026-03-09 18:05:37.210183,2026-03-09 19:05:37.210183,False,High,Notes for event 180,user_001,9,2026-04-13 00:05:37.210183,user_001,3,True,"{""FREQ"":""WEEKLY""}",5,2.71,2,0.26,1,2,4,0.36,1
181,Work Event 181,Online,2026-04-07 17:05:37.210183,2026-04-07 17:35:37.210183,False,High,Notes for event 181,user_001,7,2026-04-13 00:05:37.210183,user_001,1,True,"{""FREQ"":""WEEKLY""}",5,1.34,0,3.48,1,0,7,0.13,1
182,Practice Event 182,Online,2026-05-11 09:05:37.210183,2026-05-11 11:05:37.210183,False,Low,Notes for event 182,user_001,3,2026-04-13 00:05:37.210183,user_001,2,False,,2,0.41,2,3.21,1,1,2,0.1,0
183,Practice Event 183,Online,2026-04-20 16:05:37.210183,2026-04-20 16:35:37.210183,False,High,Notes for event 183,user_001,12,2026-04-13 00:05:37.210183,user_001,2,False,,3,1.85,7,4.3,1,0,2,0.63,1
184,Personal Event 184,Online,2026-03-01 19:05:37.210183,2026-03-01 19:35:37.210183,False,High,Notes for event 184,user_001,14,2026-04-13 00:05:37.210183,user_001,4,False,,0,0.74,9,3.0,1,2,1,0.14,1
185,Practice Event 185,Office,2026-05-31 20:05:37.210183,2026-05-31 21:35:37.210183,False,Low,Notes for event 185,user_001,10,2026-04-13 00:05:37.210183,user_001,2,False,,1,1.48,1,1.21,1,0,9,0.78,0
186,Practice Event 186,Online,2026-06-05 07:05:37.210183,2026-06-05 08:35:37.210183,False,Medium,Notes for event 186,user_001,19,2026-04-13 00:05:37.210183,user_001,2,False,,3,2.86,1,0.08,1,0,1,0.55,1
187,Personal Event 187,Online,2026-03-17 10:05:37.210183,2026-03-17 10:35:37.210183,False,Low,Notes for event 187,user_001,17,2026-04-13 00:05:37.210183,user_001,4,False,,5,1.61,9,0.76,1,0,5,0.42,0
188,Music Research Event 188,Office,2026-02-22 15:05:37.210183,2026-02-22 16:05:37.210183,False,Low,Notes for event 188,user_001,19,2026-04-13 00:05:37.210183,user_001,3,False,,0,0.93,6,3.65,1,1,1,0.83,0
189,Personal Event 189,Online,2026-03-15 08:05:37.210183,2026-03-15 10:05:37.210183,False,Low,Notes for event 189,user_001,10,2026-04-13 00:05:37.210183,user_001,4,True,"{""FREQ"":""WEEKLY""}",0,2.12,0,0.82,1,2,9,0.66,0
190,Music Research Event 190,Office,2026-04-19 19:05:37.210183,2026-04-19 20:35:37.210183,False,Low,Notes for event 190,user_001,9,2026-04-13 00:05:37.210183,user_001,3,True,"{""FREQ"":""WEEKLY""}",2,2.42,4,2.62,1,2,10,0.12,0
191,Music Research Event 191,Online,2026-05-03 08:05:37.210183,2026-05-03 10:05:37.210183,False,Medium,Notes for event 191,user_001,16,2026-04-13 00:05:37.210183,user_001,3,True,"{""FREQ"":""WEEKLY""}",0,2.68,10,3.61,1,1,9,0.17,0
192,Work Event 192,Office,2026-02-12 07:05:37.210183,2026-02-12 07:35:37.210183,False,Low,Notes for event 192,user_001,12,2026-04-13 00:05:37.210183,user_001,1,False,,0,1.66,10,2.1,1,2,4,0.15,1
193,Work Event 193,Online,2026-04-06 18:05:37.210183,2026-04-06 19:35:37.210183,False,Medium,Notes for event 193,user_001,4,2026-04-13 00:05:37.210183,user_001,1,False,,4,2.94,6,0.34,1,3,5,0.9,1
194,Work Event 194,Office,2026-05-22 20:05:37.210183,2026-05-22 21:35:37.210183,False,Medium,Notes for event 194,user_001,1,2026-04-13 00:05:37.210183,user_001,1,False,,5,1.87,7,1.84,1,3,4,0.29,1
195,Work Event 195,Office,2026-05-16 15:05:37.210183,2026-05-16 16:05:37.210183,False,Low,Notes for event 195,user_001,1,2026-04-13 00:05:37.210183,user_001,1,False,,0,2.85,0,3.79,1,3,5,0.35,1
196,Personal Event 196,Online,2026-02-25 10:05:37.210183,2026-02-25 13:05:37.210183,False,Low,Notes for event 196,user_001,2,2026-04-13 00:05:37.210183,user_001,4,False,,0,2.76,8,2.07,1,2,8,0.14,0
197,Practice Event 197,Office,2026-05-18 08:05:37.210183,2026-05-18 11:05:37.210183,False,Low,Notes for event 197,user_001,3,2026-04-13 00:05:37.210183,user_001,2,False,,1,0.71,4,4.25,1,3,6,0.06,0
198,Work Event 198,Online,2026-03-24 14:05:37.210183,2026-03-24 15:35:37.210183,False,Low,Notes for event 198,user_001,5,2026-04-13 00:05:37.210183,user_001,1,True,"{""FREQ"":""WEEKLY""}",1,1.35,5,2.03,1,2,4,0.58,0
199,Work Event 199,Office,2026-04-10 11:05:37.210183,2026-04-10 13:05:37.210183,False,Medium,Notes for event 199,user_001,6,2026-04-13 00:05:37.210183,user_001,1,True,"{""FREQ"":""WEEKLY""}",4,0.12,5,0.74,1,1,6,0.3,1
200,Music Research Event 200,Online,2026-04-03 15:05:37.210183,2026-04-03 15:35:37.210183,False,High,Notes for event 200,user_001,6,2026-04-13 00:05:37.210183,user_001,3,False,,5,1.65,1,2.31,1,1,2,0.4,1
